AMLIS_KEY,STATE_KEY,PA_NUMBER,PA_NAME,PU_NUMBER,PU_NAME,EST_LATITUDE,EST_LONGITUDE,LAT_DEG,LAT_MIN,LON_DEG,LON_MIN,COUNTY,FIPS_CODE,CONG_DIST,QUAD_NAME,HUC_CODE,WATERSHED,MINE_TYPE,ORE_TYPES,OWNER_PRIVATE,OWNER_STATE,OWNER_INDIAN,OWNER_BLM,OWNER_FOREST,OWNER_NATIONAL,OWNER_OTHER,POPULATION,DATE_PREPARED,DATE_REVISED,PRIORITY,PROB_TY_CD,PROB_TY_NAME,PROGRAM,UNFD_UNITS,UNFD_METERS,UNFD_COST,UNFD_GPRA,FUND_UNITS,FUND_METERS,FUND_COST,FUND_GPRA,COMP_UNITS,COMP_METERS,COMP_COST,COMP_GPRA,TOTAL_UNITS,TOTAL_COST,OBJECTID,x,y,Owner Name,Additional Ownership Notes,Property Assessment Report Link
WV000189,WV,189,NATIONAL MINE COMPLEX,32,OSGOOD,39.6,-80,39,34,-81,57,MONONGALIA,54061,1,RIVESVILLE,5020003,UPPER MONONGAHELA,B,GS,95,5,0,0,0,0,0,,3/23/2000,3/23/2000,2,PWAI,P2 Polluted Water: Agricultural & Industrial,SGA,0,0,0,0,0,0,0,0,2,2,"211,830.00",10,2,"211,830.00",48455,-8910718.445,4805706.634,CURREY AARON MICHAEL,"Address: 7 WINDY RDG
Class Type: Residential
Legal Description: REAPPRAISAL COMBINED ACCT:; MAP 14 PARCEL 11.6",https://mapwv.gov/Assessment/Detail/?PID=31070014001100050000
WV000189,WV,189,NATIONAL MINE COMPLEX,32,OSGOOD,39.6,-80,39,34,-81,57,MONONGALIA,54061,1,RIVESVILLE,5020003,UPPER MONONGAHELA,B,GS,95,5,0,0,0,0,0,,3/23/2000,3/23/2000,3,GO,P3 Gobs,SGA,0,0,0,0,0,0,0,0,4,1.6,"40,000.00",4,4,"40,000.00",48456,-8910718.445,4805706.634,,,
WV000189,WV,189,NATIONAL MINE COMPLEX,32,OSGOOD,39.6,-80,39,34,-81,57,MONONGALIA,54061,1,RIVESVILLE,5020003,UPPER MONONGAHELA,B,GS,95,5,0,0,0,0,0,,3/23/2000,3/23/2000,2,P,P2 Portals,SGA,0,0,0,0,0,0,0,0,2,2,"10,000.00",0.2,2,"10,000.00",48457,-8910718.445,4805706.634,,,
WV000189,WV,189,NATIONAL MINE COMPLEX,32,OSGOOD,39.6,-80,39,34,-81,57,MONONGALIA,54061,1,RIVESVILLE,5020003,UPPER MONONGAHELA,B,GS,95,5,0,0,0,0,0,,3/23/2000,3/23/2000,2,HEF,P2 Hazardous Equip & Facilities,SGA,0,0,0,0,0,0,0,0,2,2,"20,000.00",0.2,2,"20,000.00",48458,-8910718.445,4805706.634,,,
WV000189,WV,189,NATIONAL MINE COMPLEX,32,OSGOOD,39.6,-80,39,34,-81,57,MONONGALIA,54061,1,RIVESVILLE,5020003,UPPER MONONGAHELA,B,GS,95,5,0,0,0,0,0,,3/23/2000,3/23/2000,2,DPE,P2 Dangerous Piles & Embankments,SGA,0,0,0,0,0,0,0,0,8,3.2,"400,000.00",8,8,"400,000.00",48459,-8910718.445,4805706.634,,,
WV000189,WV,189,NATIONAL MINE COMPLEX,32,OSGOOD,39.6,-80,39,34,-81,57,MONONGALIA,54061,1,RIVESVILLE,5020003,UPPER MONONGAHELA,B,GS,95,5,0,0,0,0,0,,3/23/2000,3/23/2000,2,DI,P2 Dangerous Impoundments,SGA,0,0,0,0,0,0,0,0,10,10,"100,000.00",50,10,"100,000.00",48460,-8910718.445,4805706.634,,,
WV000189,WV,189,NATIONAL MINE COMPLEX,32,OSGOOD,39.6,-80,39,34,-81,57,MONONGALIA,54061,1,RIVESVILLE,5020003,UPPER MONONGAHELA,B,GS,95,5,0,0,0,0,0,,3/23/2000,3/23/2000,2,DH,P2 Dangerous Highwalls,SGA,0,0,0,0,0,0,0,0,600,182.9,"80,000.00",8.57,600,"80,000.00",48461,-8910718.445,4805706.634,,,
WV000189,WV,189,NATIONAL MINE COMPLEX,32,OSGOOD,39.6,-80,39,34,-81,57,MONONGALIA,54061,1,RIVESVILLE,5020003,UPPER MONONGAHELA,B,GS,95,5,0,0,0,0,0,,3/23/2000,3/23/2000,2,CS,P2 Clogged Streams,SGA,0,0,0,0,0,0,0,0,0.1,0.2,"20,000.00",0.5,0.1,"20,000.00",48462,-8910718.445,4805706.634,,,
WV005064,WV,"5,064",KANES CREEK AREA WATERLINE,203025,BURK,39.5,-79.8,39,30,79,45,Preston County,54077,1,Masontown,5020003,UPPER MONONGAHELA,B,GCZSL,100,0,0,0,0,0,0,"4,174",10/7/1999,3/11/2021,2,PWHC,P2 Polluted Water: Human Consumption,SGA,0,0,0,0,0,0,0,0,28,28,"199,184.00",140,28,"199,184.00",54522,-8878285.988,4794429.126,CALANDRA JOHN M & FRANK JR,"Address: 494 JENMAR DR
Class Type: Industrial
Legal Description: SUR 20 CHRISTOPHER TR-RUBY
Mailing Address: C/O MARJENN LEASING CO., 258 KAPPA DR, PITTSBURGH, PA 15238
Property Class: I - Industrial
Land Use: 401 - Manufacturing",https://mapwv.gov/Assessment/Detail/?PID=39020025004900010000
WV000102,WV,102,Poe Hollow Portals and Drainage,342,HERNSHAW,38.2,-81.6,38,12,-81,34,Kanawha County,54039,2,Belle,5050006,UPPER KANAWHA,U,1,100,0,0,0,0,0,0,0,12/3/1986,7/17/2023,2,CS,P2 Clogged Streams,BIL,0.01,0.02,"25,600.00",0.1,0,0,0,0,0,0,0,0,0.01,"25,600.00",48316,-9080361.786,4609291.809,PENN VIRGINIA COAL COMPANY,"Address: 47 MERIDIAN LN
Class Type: Residential
Legal Description: 1318A SURF & COAL LENS CK
Mailing Address: 7 SHERIDAN SQ SUITE 400, KINGSPORT, TN 37660",https://mapwv.gov/Assessment/Detail/?PID=20190030000800000000
WV000216,WV,216,TENMILE CREEK DRAINAGE,202131,OLIVE,39.3,-80.4,39,19,80,26,HARRISON,54033,1,WOLF SUMMIT,5020002,WEST FORK,B,1,100,0,0,0,0,0,0,0,10/30/1992,8/10/2023,3,WA,P3 Water Problems,SGA,500,500,"1,944,700.00",500,0,0,0,0,0,0,0,0,500,"1,944,700.00",48497,-8953890.476,4769251.965,HEASTER STEVE L & PAMELA K ,"Class Type: Commercial
Legal Description: 167.34 AC JOHNSON FORK
Mailing Address: 298 DEEGAN LAKE RD, BRIDGEPORT, WV 26330",https://mapwv.gov/Assessment/Detail/?PID=17070285010900010000
WV000216,WV,216,TENMILE CREEK DRAINAGE,202131,OLIVE,39.3,-80.4,39,19,80,26,HARRISON,54033,1,WOLF SUMMIT,5020002,WEST FORK,B,1,100,0,0,0,0,0,0,0,10/30/1992,8/10/2023,2,CS,P2 Clogged Streams,,0,0,0,0,0,0,0,0,0,0,0,0,0,0,48500,-8953890.476,4769251.965,HEASTER STEVE L & PAMELA K ,"Class Type: Commercial
Legal Description: 167.34 AC JOHNSON FORK
Mailing Address: 298 DEEGAN LAKE RD, BRIDGEPORT, WV 26330",https://mapwv.gov/Assessment/Detail/?PID=17070285010900010000
WV000288,WV,288,"WEST COLUMBIA ""B""",322068,FAIRVIEW,39,-82.1,38,58,82,3,MASON,54053,2,CHESHIRE,5030202,UPPER OHIO-SHADE,B,1,100,0,0,0,0,0,0,"3,252",2/22/1994,7/20/2022,1,CS,P1 Clogged Streams,SGA,0.07,0.1,"103,438.00",0.4,0,0,0,0,0,0,0,0,0.07,"103,438.00",48623,-9135607.176,4718998.085,,,
WV000288,WV,288,"WEST COLUMBIA ""B""",322068,FAIRVIEW,39,-82.1,38,58,82,3,MASON,54053,2,CHESHIRE,5030202,UPPER OHIO-SHADE,B,1,100,0,0,0,0,0,0,"3,252",2/22/1994,7/20/2022,2,CS,P2 Clogged Streams,SGA,0,0,0,0,0,0,0,0,0.2,0.3,"349,669.00",1,0.2,"349,669.00",48627,-9135607.176,4718998.085,,,
WV000392,WV,392,Red Jacket School Portals,721429,THACKER MINES,37.7,-82.1,37,39,-82,7,Mingo County,54059,3,Delbarton,5070201,TUG,B,1,100,0,0,0,0,0,0,0,3/12/1987,5/2/2024,2,CSL,P2 Clogged Stream Lands,BIL,1,1.6,"65,000.00",5,0,0,0,0,0,0,0,0,1,"65,000.00",48842,-9142267.792,4530334.191,TACKETT HIRAM,"Address: RAGLAND
Class Type: Residential
Legal Description: 35 A SUR ROCKHOUSE
Mailing Address: MR S R TACKETT, 211 ROLLING MEADOWS, MARTIN, TN 38237",https://mapwv.gov/Assessment/Detail/?PID=30060388003600000000
WV000464,WV,464,JD Miller RAMP Site,316018,WHEELING,40.1,-80.6,40,3,-80,38,Ohio County,54069,1,Wheeling,5030106,UPPER OHIO-WHEELING,P,1,100,0,0,0,0,0,0,0,3/18/2014,3/18/2024,2,CS,P2 Clogged Streams,BIL,0,0,0,0,0.21,0.3,"824,354.50",1.1,0,0,0,0,0.21,"824,354.50",48933,-8977298.491,4875190.383,"LOUSTAU JEAN P & L P (RESV LF)BYRUM CAROLINE L
","Address: 910 DIXONS RUN RD
Class Type: Farm
Legal Description: 50.865 AC DIXONS RUN
Mailing Address: 792 DIXONS RUN RD, TRIADELPHIA, WV 26059",https://mapwv.gov/Assessment/Detail/?PID=35030L10002700000000
WV000464,WV,464,JD Miller RAMP Site,316018,WHEELING,40.1,-80.6,40,3,-80,38,Ohio County,54069,1,Wheeling,5030106,UPPER OHIO-WHEELING,P,1,100,0,0,0,0,0,0,0,3/18/2014,3/18/2024,3,WA,P3 Water Problems,SGA,5,5,0,5,0,0,0,0,0,0,0,0,5,0,48935,-8977298.491,4875190.383,,,
WV000546,WV,546,Crafts Run Maintenance,203027,MAIDSVILLE,39.7,-80,39,41,-79,58,Monongalia County,54061,1,Morgantown North,5020003,UPPER MONONGAHELA,U,1,100,0,0,0,0,0,0,"4,708",6/13/1984,3/1/2023,3,WA,P3 Water Problems,SGA,175,175,"175,000.00",175,0,0,0,0,0,0,0,0,175,"175,000.00",49036,-8902126.913,4821919.933,RUSSELL KIRK D & MIKINNA S,"Address: 130 WILKINS MINE RD
Class Type: Residential
Legal Description: 10.379 AC SUR OR PARCEL B; ROBINSON RUN
Mailing Address: 30 WILKINS MINE RD, MAIDSVILLE, WV 26541",https://mapwv.gov/Assessment/Detail/?PID=31030007002900080000
WV000546,WV,546,Crafts Run Maintenance,203027,MAIDSVILLE,39.7,-80,39,41,-79,58,Monongalia County,54061,1,Morgantown North,5020003,UPPER MONONGAHELA,U,1,100,0,0,0,0,0,0,"4,708",6/13/1984,3/1/2023,2,CS,P2 Clogged Streams,SGA,0,0,0,0,0,0,0,0,0.45,0.7,"65,053.00",2.3,0.45,"65,053.00",49039,-8902126.913,4821919.933,,,
WV000546,WV,546,Crafts Run Maintenance,203027,MAIDSVILLE,39.7,-80,39,41,-79,58,Monongalia County,54061,1,Morgantown North,5020003,UPPER MONONGAHELA,U,1,100,0,0,0,0,0,0,"4,708",6/13/1984,3/1/2023,2,CSL,P2 Clogged Stream Lands,BIL,2,3.2,"350,000.00",10,0,0,0,0,0,0,0,0,2,"350,000.00",49040,-8902126.913,4821919.933,,,
WV000546,WV,546,Crafts Run Maintenance,203027,MAIDSVILLE,39.7,-80,39,41,-79,58,Monongalia County,54061,1,Morgantown North,5020003,UPPER MONONGAHELA,U,1,100,0,0,0,0,0,0,"4,708",6/13/1984,3/1/2023,2,CS,P2 Clogged Streams,BIL,0.45,0.7,"250,000.00",2.3,0,0,0,0,0,0,0,0,0.45,"250,000.00",49044,-8902126.913,4821919.933,,,
WV000576,WV,576,EILBERT REFUSE PILE,418,ALPHEUS,37.3,-81.5,37,19,81,32,McDowell County,54047,3,Gary,5070201,TUG,U,1,100,0,0,0,0,0,0,0,6/12/1984,10/7/2024,1,CS,P1 Clogged Streams,BIL,0.04,0.1,"38,000.00",0.2,0,0,0,0,0,0,0,0,0.04,"38,000.00",49087,-9077176.812,4483999.435,POCAHONTAS SURFACE INTERSTS LLC,"Address: HAVACO
Class Type: Residential
Legal Description: 27355.69 AC SURF LESS TIMBER; & 0.72 AC SURF ONLY
Mailing Address: PO BOX 1517, BLUEFIELD, WV 24701",https://mapwv.gov/Assessment/Detail/?PID=27010393000100000000
WV000639,WV,639,GREENBRIER HOLLOW REFUSE,413,MCDOWELL,37.4,-81.4,37,23,81,22,MCDOWELL,54047,3,CRUMPLER,5070201,TUG,B,1,100,0,0,0,0,0,0,"1,487",8/15/1986,8/16/2024,2,CSL,P2 Clogged Stream Lands,BIL,0.22,0.4,"75,000.00",1.1,0,0,0,0,0,0,0,0,0.22,"75,000.00",49189,-9058066.966,4493880.513,IMPERIAL RESOURCES LLC,"Address: KYLE
Class Type: Residential
Legal Description: 935.96 FEE LESS OIL & GAS
Mailing Address: 640 CLOVER DEW DAIRY RD, PRINCETON, WV 24740",https://mapwv.gov/Assessment/Detail/?PID=27060255000500000000
WV000664,WV,664,ALGOMA REFUSE and PORTALS,721413,MCDOWELL,37.4,-81.4,37,25,-81,25,McDowell County,54047,3,Keystone,5070201,TUG,B,1,100,0,0,0,0,0,0,0,8/15/1986,8/12/2024,2,CSL,P2 Clogged Stream Lands,SGA,1,1.6,"300,000.00",5,0,0,0,0,0,0,0,0,1,"300,000.00",49225,-9064220.46,4498318.351,IMPERIAL RESOURCES LLC,"Address: KYLE
Class Type: Residential
Legal Description: 935.96 FEE LESS OIL & GAS
Mailing Address: 640 CLOVER DEW DAIRY RD, PRINCETON, WV 24740",https://mapwv.gov/Assessment/Detail/?PID=27060255000500000001 
WV000769,WV,769,WHITMAN REFUSE PILE,461,SHAMROCK,37.8,-82,37,48,82,1,LOGAN,54045,3,HOLDEN,5070101,UPPER GUYANDOTTE,U,1,100,0,0,0,0,0,0,"4,132",3/8/1996,3/31/2023,2,CS,P2 Clogged Streams,BIL,0.16,0.3,"161,131.00",0.8,0,0,0,0,0,0,0,0,0.16,"161,131.00",49421,-9130610.167,4552854.686,WAPITI WOODS LLC,"Class Type: Residential
Legal Description: ISLAND CK-MUD FORK; 6209.1 AC (SUR) MGD TMB
Mailing Address: 1655 N FORT MYER DRIVE STE 1300, ARLINGTON, VA 22209",https://mapwv.gov/Assessment/Detail/?PID=23030165000100910000
WV001140,WV,"1,140",Owl Creek Highwall #2,203029,RINGGOLD,39.5,-80,39,32,79,58,Monongalia County,54061,1,Morgantown South,5020003,UPPER MONONGAHELA,B,1,100,0,0,0,0,0,0,0,3/12/1996,1/30/2023,3,WA,P3 Water Problems,SGA,80,80,"17,000.00",80,0,0,0,0,0,0,0,0,80,"17,000.00",50007,-8902281.523,4798397.586,MCCARTNEY DOUGLAS K,"Address: WHITE DAY CRK
Class Type: Residential
Legal Description: 42.4133 SUR
Mailing Address: 3836 EARL L CORE RD, MORGANTOWN, WV 26508",https://mapwv.gov/Assessment/Detail/?PID=31050022003400000000
WV001140,WV,"1,140",Owl Creek Highwall #2,203029,RINGGOLD,39.5,-80,39,32,79,58,Monongalia County,54061,1,Morgantown South,5020003,UPPER MONONGAHELA,B,1,100,0,0,0,0,0,0,0,3/12/1996,1/30/2023,2,HWB,P2 Hazardous Water Bodies,SGA,0,0,0,0,1,1,"129,400.00",5,0,0,0,0,1,"129,400.00",50010,-8902281.523,4798397.586,,,
WV001760,WV,"1,760",Fickey Run Portals & Refuse,204201,PLEASANTDALE,39.6,-79.6,39,34,-80,21,Preston County,54077,1,Valley Point,5020004,CHEAT,U,1,100,0,0,0,0,0,0,"6,763",3/2/2001,11/16/2023,2,PWAI,P2 Polluted Water: Agricultural & Industrial,CLA,0,0,0,0,0,0,0,0,1,1,"271,418.00",5,1,"271,418.00",50662,-8865694.794,4802026.121,SUMMERS JAMES R & PHYLLIS J,"Address: 305 CENTENARY RD
Class Type: Farm
Legal Description: SUR 142.28 MORGAN GLADE
Mailing Address: 305 CENTENARY RD, BRUCETON MILLS, WV 26525",https://mapwv.gov/Assessment/Detail/?PID=39080018001700000000
WV001760,WV,"1,760",Fickey Run Portals & Refuse,204201,PLEASANTDALE,39.6,-79.6,39,34,-80,21,Preston County,54077,1,Valley Point,5020004,CHEAT,U,1,100,0,0,0,0,0,0,"6,763",3/2/2001,11/16/2023,3,WA,P3 Water Problems,AMA,330,330,"709,000.00",330,0,0,0,0,0,0,0,0,330,"709,000.00",50664,-8865694.794,4802026.121,,,
WV001886,WV,"1,886",Roses Run Stream Capture,202130,GLEN FALLS,39.4,-80.3,39,21,-80,20,Harrison County,54033,1,Clarksburg,5020002,WEST FORK,U,1,95,5,0,0,0,0,0,0,1/28/2015,3/20/2024,2,CS,P2 Clogged Streams,SGA,0.6,1,"1,770,931.00",3,0,0,0,0,0,0,0,0,0.6,"1,770,931.00",50881,-8942851.293,4772290.69,TRUSTEES OTTERBEIN UNITED METHODIST CHURCH,"Address: 720 CLARK ST SHINNSTON 26431
Class Type: Exempt
Legal Description: 1 LOT PT 31-32 WEST; SHINNSTON
Mailing Address: 800 CLARK ST, SHINNSTON, WV 26431",https://mapwv.gov/Assessment/Detail/?PID=17061006007500000000
WV001886,WV,"1,886",Roses Run Stream Capture,202130,GLEN FALLS,39.4,-80.3,39,21,-80,20,Harrison County,54033,1,Clarksburg,5020002,WEST FORK,U,1,95,5,0,0,0,0,0,0,1/28/2015,3/20/2024,3,WA,P3 Water Problems,SGA,200,200,"200,000.00",200,0,0,0,0,0,0,0,0,200,"200,000.00",50882,-8942851.293,4772290.69,,,
WV002016,WV,"2,016",TONEY FORK PORTALS,323,EASLY,38.1,-81.7,38,6,-81,44,Boone County,54005,3,Williams Mountain,5050009,COAL,U,1,100,0,0,0,0,0,0,0,6/4/1986,3/18/2024,2,CS,P2 Clogged Streams,BIL,0.06,0.1,"45,815.00",0.3,0,0,0,0,0,0,0,0,0.06,"45,815.00",51092,-9098915.035,4594112.242,PRICHARD JUDITH,"Address: RACINE W VA
Class Type: Residential
Legal Description: 5000 FEE, 56.6660% INT., BIG; INDIAN CR.
Mailing Address: GADDY ENGINEERING CO, 303 WASHINGTON ST W, CHARLESTON, WV 25302",https://mapwv.gov/Assessment/Detail/?PID=03060016000100000000
WV002024,WV,"2,024",WEST RUN #2,203028,WESTOVER,39.7,-79.9,39,40,-79,55,Monongalia County,54061,1,Morgantown North,5020003,UPPER MONONGAHELA,B,1,100,0,0,0,0,0,0,0,2/27/1996,5/2/2023,2,HWB,P2 Hazardous Water Bodies,BIL,2,2,"120,000.00",10,0,0,0,0,0,0,0,0,2,"120,000.00",51104,-8897241.224,4818785.777,TUSCAN RIDGE LLC,"Address: 2424 STEWARTSTOWN RD
Class Type: Farm
Legal Description: 61.40 AC SUR; STEWARTSTOWN
Mailing Address: 240 RIDGE OF SUMMIT DR, MORGANTOWN, WV 26508",https://mapwv.gov/Assessment/Detail/?PID=31180009010800000000
WV002024,WV,"2,024",WEST RUN #2,203028,WESTOVER,39.7,-79.9,39,40,-79,55,Monongalia County,54061,1,Morgantown North,5020003,UPPER MONONGAHELA,B,1,100,0,0,0,0,0,0,0,2/27/1996,5/2/2023,3,WA,P3 Water Problems,BIL,15,15,"50,000.00",15,0,0,0,0,0,0,0,0,15,"50,000.00",51107,-8897241.224,4818785.777,,,
WV002127,WV,"2,127",Chaffey Run Strip,204186,DAVIS,39.2,-79.4,39,6,-80,33,Tucker County,54093,1,Davis,5020004,CHEAT,B,1,100,0,0,0,0,0,0,"2,239",2/12/2013,2/1/2023,2,CS,P2 Clogged Streams,SGA,0,0,0,0,0,0,0,0,0.1,0.2,"125,000.00",0.5,0.1,"125,000.00",51269,-8843731.055,4744507.664,"WESTERN POCAHONTAS PROPERTIES LIMITED PARTNERSHIP
","Address: OFF 25727
Class Type: Residential
Legal Description: 870.50 AC 14-F FXOG UFP & BAK; PTS 4 & 5 A-27
Mailing Address: 5260 IRWIN RD, HUNTINGTON, WV 25705",https://mapwv.gov/Assessment/Detail/?PID=12050222000100000000
WV002163,WV,"2,163",Blackwater River Strip,204186,DAVIS,39.1,-79.5,39,7,-79,28,Tucker County,54093,1,Davis,5020004,CHEAT,S,1,50,50,0,0,0,0,0,0,6/3/2015,2/26/2024,2,HWB,P2 Hazardous Water Bodies,SGA,1,1,"30,000.00",5,0,0,0,0,0,0,0,0,1,"30,000.00",51325,-8847302.063,4739712.179,WEST VIRGINIA STATE OF,"Class Type: Exempt
Legal Description: 743.6 AC (TR.N. 106-111); BLACKWATER FALLS STATE PARK",https://mapwv.gov/Assessment/Detail/?PID=47010288000200000000
WV002205,WV,"2,205",WINONA COMPLEX,394,ELVERTON,38.1,-81,38,3,80,58,FAYETTE,54019,3,WINONA,5050004,LOWER NEW,U,1,100,0,0,0,0,0,0,"3,036",11/8/1984,2/1/2023,2,CSL,P2 Clogged Stream Lands,BIL,0.1,0.2,"40,000.00",0.5,0,0,0,0,0,0,0,0,0.1,"40,000.00",51389,-9014559.598,4587198.384,NUTTALL LLC C/O TAX DEPT,"Address: RT 82 LANSING-WINONA RD
Class Type: Residential
Legal Description: SURF 12331.769 AC SURF T/PIKE; RESIDU CHESTNUTBURG M RIV
Mailing Address: PO BOX 201092, ANCHORAGE, AK 99520","
https://mapwv.gov/Assessment/Detail/?PID=10010028004600000000"
WV002394,WV,"2,394",Glade Run Highwall,202127,QUIET DELL,39.2,-80.2,39,12,-80,12,Harrison County,54033,1,Brownton,5020002,WEST FORK,S,1,100,0,0,0,0,0,0,0,12/29/2017,7/16/2024,2,HWB,P2 Hazardous Water Bodies,BIL,2,2,"400,000.00",10,0,0,0,0,0,0,0,0,2,"400,000.00",51632,-8929214.655,4752515.436,,,
WV002584,WV,"2,584",COPEN RUN HIGHWALL #3,82,BOWER,38.8,-80.7,38,50,80,43,BRAXTON,54007,2,BURNSVILLE,5030203,LITTLE KANAWHA,S,1,100,0,0,0,0,0,0,0,3/11/1987,10/24/2024,1,CS,P1 Clogged Streams,BIL,0.37,0.6,"1,372,120.00",1.8,0,0,0,0,0,0,0,0,0.37,"1,372,120.00",51819,-8986977.102,4699731.627,BOSLEY WILLIAM JACK,"Address: 88 ROCKY HOLLOW RD
Class Type: Residential
Legal Description: 62.07AC SURVEY R H FORK
Mailing Address: 321 ROCKY HOLLOW, BURNSVILLE, WV 26335",https://mapwv.gov/Assessment/Detail/?PID=0407009F000400010000
WV002926,WV,"2,926",Tioga Strip Highwalls,505357,MUDDLETY,38.4,-80.7,38,24,-80,41,Nicholas County,54067,3,Tioga,5050005,GAULEY,S,1,100,0,0,0,0,0,0,0,8/8/2016,7/30/2024,2,CSL,P2 Clogged Stream Lands,BIL,0.6,1,"100,000.00",3,0,0,0,0,0,0,0,0,0.6,"100,000.00",52288,-8981658.504,4636718.856,TIOGA TIMBERLANDS LLC,"Address: ROUTE 1/9
Class Type: Residential
Legal Description: 12404.20 ACS S SUR; HAMILTON DIST
Mailing Address: 3574 TEAYS VALLEY RD STE B, HURRICANE, WV 25526",https://mapwv.gov/Assessment/Detail/?PID=34030025000700000000
WV002977,WV,"2,977",Skidmore Site (Canyon Mine) Mainten,204209,ICES FERRY,39.7,-79.9,39,40,-80,5,Monongalia County,54061,1,Morgantown North,5020004,CHEAT,U,1,100,0,0,0,0,0,0,"4,314",9/6/2000,11/7/2023,3,WA,P3 Water Problems,SGA,0,0,0,0,0,0,0,0,1,1,"16,332.11",1,1,"16,332.11",52353,-8895371.04,4818062.441,TUSCAN RIDGE LLC,"Address: 2424 STEWARTSTOWN RD
Class Type: Farm
Legal Description: 61.40 AC SUR; STEWARTSTOWN
Mailing Address: 240 RIDGE OF SUMMIT DR, MORGANTOWN, WV 26508",https://mapwv.gov/Assessment/Detail/?PID=31180009010800000000
WV003013,WV,"3,013",LOGAN RUN HIGHWALL,316006,MC KINLEYVILLE,40.2,-80.6,40,11,80,34,BROOKE,54009,1,BETHANY,5030106,UPPER OHIO-WHEELING,S,1,100,0,0,0,0,0,0,0,3/16/2000,8/1/2023,2,HWB,P2 Hazardous Water Bodies,BIL,1,1,"40,000.00",5,0,0,0,0,0,0,0,0,1,"40,000.00",52396,-8968640.308,4894643.602,WARD JEFFREY S & DAWNA J,"Address: 1133 LAZEAR-WILHELM RD WHEELING 26003
Class Type: Residential
Legal Description: 90.72 AC HOAGLANDS RUN; SPEECE BRK 5
Mailing Address: 1133 LAZEARS WILHELM RD, WHEELING, WV 26003",https://mapwv.gov/Assessment/Detail/?PID=05030B42005900040000
WV003197,WV,"3,197",Rider Highwall,202121,LOST CREEK,39.2,-80.4,39,10,-80,21,Harrison County,54033,1,Mount Clare,5020002,WEST FORK,B,1,100,0,0,0,0,0,0,0,9/16/2022,7/10/2024,2,HWB,P2 Hazardous Water Bodies,,1,1,"278,460.00",5,0,0,0,0,0,0,0,0,1,"278,460.00",52573,-8945943.501,4746650.248,TOOTHMAN JOSHUA JAMES & STACIE LYNN,"Address: WEST MILFORD 26451
Class Type: Farm
Legal Description: 5.91 AC WEST MILFORD
Mailing Address: 316 LIBERTY ST, WEST MILFORD, WV 26451",https://mapwv.gov/Assessment/Detail/?PID=17210385007100010000
WV003197,WV,"3,197",Rider Highwall,202121,LOST CREEK,39.2,-80.4,39,10,-80,21,Harrison County,54033,1,Mount Clare,5020002,WEST FORK,B,1,100,0,0,0,0,0,0,0,9/16/2022,7/10/2024,3,WA,P3 Water Problems,SGA,10,10,"109,200.00",10,0,0,0,0,0,0,0,0,10,"109,200.00",52574,-8945943.501,4746650.248,,,
WV003342,WV,"3,342",Burl Gould Highwall,202127,QUIET DELL,39.2,-80.3,39,12,-80,15,Harrison County,54033,1,Mount Clare,5020002,WEST FORK,S,1,100,0,0,0,0,0,0,0,3/30/2020,1/18/2024,2,CS,P2 Clogged Streams,BIL,0.27,0.4,"995,713.00",1.4,0,0,0,0,0,0,0,0,0.27,"995,713.00",52698,-8933403.608,4750721.763,ZIRKLE RONNIE & BARBARA L,"Address: REAR ROUTE 20-17
Class Type: Farm
Legal Description: 34.57 AC HASTINGS RUN; (SURFACE ONLY)
Mailing Address: 913 EVERWOOD RD, MOUNT CLARE, WV 26408",https://mapwv.gov/Assessment/Detail/?PID=17110388007800000000
WV003858,WV,"3,858",Miller Highwall & Portal,27,MAIDSVILLE,39.7,-79.9,39,40,79,55,MONONGALIA,54061,1,MORGANTOWN NORTH,5020003,UPPER MONONGAHELA,B,1,0,0,0,0,0,0,0,0,7/16/1987,3/18/2024,3,WA,P3 Water Problems,BIL,12,12,"12,800.00",12,0,0,0,0,0,0,0,0,12,"12,800.00",53174,-8897674.133,4819227.714,TUSCAN RIDGE LLC,"Address: 2424 STEWARTSTOWN RD
Class Type: Farm
Legal Description: 61.40 AC SUR; STEWARTSTOWN
Mailing Address: 240 RIDGE OF SUMMIT DR, MORGANTOWN, WV 26508",https://mapwv.gov/Assessment/Detail/?PID=31180009010800000000
WV004083,WV,"4,083",Hutchinson AMD,203028,WESTOVER,39.7,-79.9,39,39,-79,55,Monongalia County,54061,1,Morgantown North,5020003,UPPER MONONGAHELA,U,1,75,25,0,0,0,0,0,"6,179",4/6/1994,9/6/2022,1,CSL,P1 Clogged Stream Lands,SGA,0,0,0,0,0,0,0,0,0.5,0.2,"33,894.00",0.5,0.5,"33,894.00",53452,-8896499.094,4815753.166,TUSCAN RIDGE LLC,"Address:2424 STEWARTSTOWN RD
Class Type: Farm
Legal Description: 61.40 AC SUR; STEWARTSTOWN
Mailing Address: 240 RIDGE OF SUMMIT DR, MORGANTOWN, WV 26508",https://mapwv.gov/Assessment/Detail/?PID=31180009010800000001 
WV004211,WV,"4,211",Keeney Creek Mines,504394,ELVERTON,38,-81,38,2,-81,0,Fayette County,54019,3,Fayetteville,5050004,LOWER NEW,S,1,80,0,0,0,0,20,0,0,5/20/2022,1/31/2023,2,CSL,P2 Clogged Stream Lands,BIL,2,3.2,"110,000.00",10,0,0,0,0,0,0,0,0,2,"110,000.00",53556,-9018424.858,4584999.489,W VA STATE CONS COMM,"Owner(s): W VA STATE CONS COMM
Address: MANNS CRK
Class Type: Exempt
Legal Description: SURF 3221.54/ MANNS CK",https://mapwv.gov/Assessment/Detail/?PID=10010080001500000000
WV004267,WV,"4,267",Clifftop Strip South,504392,LANDISBURG,38,-80.9,38,0,-80,56,Fayette County,54019,3,Winona,5050004,LOWER NEW,S,1,100,0,0,0,0,0,0,0,5/11/2022,2/1/2023,2,CSL,P2 Clogged Stream Lands,BIL,0.9,1.4,"300,000.00",4.5,0,0,0,0,0,0,0,0,0.9,"300,000.00",53587,-9010756.182,4580563.855,AMICK MELBA,"Address: STONEHOUSE RD
Class Type: Farm
Legal Description: 9 3/10 NR RAVENS EY
Mailing Address: 1458 STONEHOUSE RD, RAINELLE, WV 25962",https://mapwv.gov/Assessment/Detail/?PID=10010082010900000000
WV004691,WV,"4,691",INDIAN CREEK (DILLION) PORTALS,312,MATTS,38.1,-81.7,38,7,81,39,BOONE,54005,3,WILLIAMS MOUNTAIN,5050009,COAL,U,1,100,0,0,0,0,0,0,0,9/27/1993,8/12/2024,2,HWB,P2 Hazardous Water Bodies,BIL,1,1,"4,500.00",5,0,0,0,0,0,0,0,0,1,"4,500.00",54083,-9089916.709,4596116.553,PRICHARD JUDITH,"Address: RACINE W VA
Class Type: Residential
Legal Description: 5000 FEE, 56.6660% INT., BIG; INDIAN CR.
Mailing Address: GADDY ENGINEERING CO, 303 WASHINGTON ST W, CHARLESTON, WV 25302",https://mapwv.gov/Assessment/Detail/?PID=03060016000100000000
WV005207,WV,"5,207",Vickers Branch (Butcher) Drainage,712294,MANILA,38,-82,37,59,-82,0,Logan County,54045,3,Chapmanville,5070102,LOWER GUYANDOTTE,U,1,100,0,0,0,0,0,0,"3,268",6/10/1997,8/22/2024,3,WA,P3 Water Problems,SGA,0,0,0,0,0,0,0,0,3,3,"167,438.00",3,3,"167,438.00",54722,-9129311.44,4578209.423,BELCHER RICHARD TODD & DEBRA,"Address: 7911 NORTH FORK RD
Class Type: Residential
Legal Description: TRACT 7 BIG CREEK 11.88 A; 11.88 ACRES(SUR)
Mailing Address: PO BOX 4608, CHAPMANVILLE, WV 25508",https://mapwv.gov/Assessment/Detail/?PID=23020105003600000000
WV005207,WV,"5,207",Vickers Branch (Butcher) Drainage,712294,MANILA,38,-82,37,59,-82,0,Logan County,54045,3,Chapmanville,5070102,LOWER GUYANDOTTE,U,1,100,0,0,0,0,0,0,"3,268",6/10/1997,8/22/2024,2,CSL,P2 Clogged Stream Lands,BIL,0.07,0.1,"176,807.00",0.4,0,0,0,0,0,0,0,0,0.07,"176,807.00",54724,-9129311.44,4578209.423,,,
WV005633,WV,"5,633",Holden Portals and Structures Phase,711461,SHAMROCK,37.8,-82.1,37,49,82,3,LOGAN,54045,3,HOLDEN,5070101,UPPER GUYANDOTTE,U,1,100,0,0,0,0,0,0,0,4/11/2001,2/16/2024,2,CS,P2 Clogged Streams,SGA,0,0,0,0,0,0,0,0,0.2,0.3,"31,250.00",1,0.2,"31,250.00",55320,-9134073.44,4554694.446,"STATE OF WV DEPT OF COMMERCE DIVISION OF NATURAL RESOURCES
","Address: 809 GASTON CAPERTON DR
Class Type: Exempt
Legal Description: ISLAND CREEK & BRS; 4,323.61 AC SUR TRCT 1
Mailing Address: 324 FOURTH AVE, SOUTH CHARLESTON, WV 25303",https://mapwv.gov/Assessment/Detail/?PID=23030165000100880000
WV005650,WV,"5,650",WVU Tech Drainage Morris Creek Phas,338,CARBONDALE,38.2,-81.3,38,10,81,19,FAYETTE,54019,3,MONTGOMERY,5050006,UPPER KANAWHA,U,1,100,0,0,0,0,0,0,"4,234",5/18/2001,4/26/2022,2,PWAI,P2 Polluted Water: Agricultural & Industrial,SGA,0,0,0,0,0,0,0,0,4,4,"590,000.00",20,4,"590,000.00",55353,-9052748.368,4604767.064,BOONE EAST DEVELOPMENT CO,"Address: CANNELTON HOLLOW RD
Class Type: Residential
Legal Description: 602.6 AC M/L NEAR CANNELTON; COAL M/P 4-17 1387.65 AC MIN
Mailing Address: PO BOX 261, JULIAN, WV 25529",https://mapwv.gov/Assessment/Detail/?PID=20030034000200000000
WV005650,WV,"5,650",WVU Tech Drainage Morris Creek Phas,338,CARBONDALE,38.2,-81.3,38,10,81,19,FAYETTE,54019,3,MONTGOMERY,5050006,UPPER KANAWHA,U,1,100,0,0,0,0,0,0,"4,234",5/18/2001,4/26/2022,3,WA,P3 Water Problems,AMA,0,0,0,0,0,0,0,0,50,50,"8,988.00",50,50,"8,988.00",55359,-9052748.368,4604767.064,,,
WV005650,WV,"5,650",WVU Tech Drainage Morris Creek Phas,338,CARBONDALE,38.2,-81.3,38,10,81,19,FAYETTE,54019,3,MONTGOMERY,5050006,UPPER KANAWHA,U,1,100,0,0,0,0,0,0,"4,234",5/18/2001,4/26/2022,3,WA,P3 Water Problems,SGA,240,240,"1,200,000.00",240,0,0,0,0,0,0,0,0,240,"1,200,000.00",55360,-9052748.368,4604767.064,,,
WV005800,WV,"5,800",Coalton Mine Drainage,201148,FISHER,38.9,-80,38,53,79,58,Randolph County,54083,2,Junior,5020001,TYGART VALLEY,U,1,50,50,0,0,0,0,0,"4,053",6/6/2003,9/19/2024,2,CS,P2 Clogged Streams,SGA,0,0,0,0,0,0,0,0,0.5,0.8,"118,570.00",0,0.5,"118,570.00",55578,-8901879.536,4706562.903,PWCC LLC,"Address: RT 33 17.4 W
Class Type: Residential
Legal Description: SURF 97 AC
Mailing Address: PO BOX 846, ELKINS, WV 26241",https://mapwv.gov/Assessment/Detail/?PID=42160119000300000000
WV005800,WV,"5,800",Coalton Mine Drainage,201148,FISHER,38.9,-80,38,53,79,58,Randolph County,54083,2,Junior,5020001,TYGART VALLEY,U,1,50,50,0,0,0,0,0,"4,053",6/6/2003,9/19/2024,2,PWHC,P2 Polluted Water: Human Consumption,BIL,0,0,0,0,109,109,"3,150,000.00",545,0,0,0,0,109,"3,150,000.00",55581,-8901879.536,4706562.903,,,
WV005840,WV,"5,840","VENUS (HAMILTON, R.) DRAINAGE",418,ALPHEUS,37.4,-81.5,37,21,81,32,MCDOWELL,54047,3,GARY,5070201,TUG,B,1,100,0,0,0,0,0,0,659,1/27/2004,5/11/2023,1,CS,P1 Clogged Streams,SEA,0,0,0,0,0.17,0.3,"150,000.00",0.8,0,0,0,0,0.17,"150,000.00",55641,-9076743.903,4489639.07,IMPERIAL RESOURCES LLC,"Address: BELCHER BR
Class Type: Residential
Legal Description: 1924.59 FEE PEERLESS; LESS OIL & GAS
Mailing Address: 640 CLOVER DEW DAIRY RD, PRINCETON, WV 24740",https://mapwv.gov/Assessment/Detail/?PID=27040253000200000000
WV006037,WV,"6,037",RT. 60 DRAINAGE,506334,KIMBERLY,38.2,-81.3,38,10,81,18,Fayette County,54019,3,Montgomery,5050006,UPPER KANAWHA,S,1,100,0,0,0,0,0,0,"4,994",9/19/2008,2/1/2023,2,CSL,P2 Clogged Stream Lands,BIL,0.28,0.5,"274,625.00",1.4,0,0,0,0,0,0,0,0,0.28,"274,625.00",55926,-9050721.735,4604451.193,BOONE EAST DEVELOPMENT CO,"Address: CANNELTON HOLLOW RD
Class Type: Residential
Legal Description: 602.6 AC M/L NEAR CANNELTON; COAL M/P 4-17 1387.65 AC MIN
Mailing Address: PO BOX 261, JULIAN, WV 25529",https://mapwv.gov/Assessment/Detail/?PID=20030034000200000000
WV006127,WV,"6,127",LITTLE BIRCH (EDGELL) PORTALS,795,LITTLE BIRCH,38.6,-80.7,38,34,-80,41,Braxton County,54007,2,Little Birch,5050007,ELK,B,1,100,0,0,0,0,0,0,0,5/1/2006,8/7/2024,2,CSL,P2 Clogged Stream Lands,BIL,0.11,0.2,"76,158.00",0.6,0,0,0,0,0,0,0,0,0.11,"76,158.00",56074,-8983451.985,4661450.167,LONG DAVID E,"Address: S ROUTE 19
Class Type: Residential
Legal Description: LITTLE BIRCH RIVER; 29.22 AC
Mailing Address: 5727 OLD TPKE RD, SUTTON, WV 26601",https://mapwv.gov/Assessment/Detail/?PID=0405009Q005900000000
WV006168,WV,"6,168",SUMMERLEE AMD TREATMENT PHASE 1.1,504393,SEWELL,38,-81.2,38,0,81,9,FAYETTE,54019,3,Beckwith,5050004,LOWER NEW,U,1,100,0,0,0,0,0,0,"4,059",8/20/2010,8/12/2024,2,PWAI,P2 Polluted Water: Agricultural & Industrial,AFS,0,0,0,0,0,0,0,0,0.1,0.1,157.5,0.5,0.1,157.5,56126,-9034380.652,4579818.227,,,
WV006168,WV,"6,168",SUMMERLEE AMD TREATMENT PHASE 1.1,504393,SEWELL,38,-81.2,38,0,81,9,FAYETTE,54019,3,Beckwith,5050004,LOWER NEW,U,1,100,0,0,0,0,0,0,"4,059",8/20/2010,8/12/2024,3,WA,P3 Water Problems,AFS,0,0,0,0,0,0,0,0,7,7,"44,237.00",7,7,"44,237.00",56127,-9034380.652,4579818.227,,,
WV006168,WV,"6,168",SUMMERLEE AMD TREATMENT PHASE 1.1,504393,SEWELL,38,-81.2,38,0,81,9,FAYETTE,54019,3,Beckwith,5050004,LOWER NEW,U,1,100,0,0,0,0,0,0,"4,059",8/20/2010,8/12/2024,3,WA,P3 Water Problems,BIL,140,140,"500,000.00",140,0,0,0,0,0,0,0,0,140,"500,000.00",56128,-9034380.652,4579818.227,,,
WV006168,WV,"6,168",SUMMERLEE AMD TREATMENT PHASE 1.1,504393,SEWELL,38,-81.2,38,0,81,9,FAYETTE,54019,3,Beckwith,5050004,LOWER NEW,U,1,100,0,0,0,0,0,0,"4,059",8/20/2010,8/12/2024,2,PWAI,P2 Polluted Water: Agricultural & Industrial,AFS,0,0,0,0,0,0,0,0,0.4,0.4,"70,438.59",2,0.4,"70,438.59",56129,-9034380.652,4579818.227,,,
WV006168,WV,"6,168",SUMMERLEE AMD TREATMENT PHASE 1.1,504393,SEWELL,38,-81.2,38,0,81,9,FAYETTE,54019,3,Beckwith,5050004,LOWER NEW,U,1,100,0,0,0,0,0,0,"4,059",8/20/2010,8/12/2024,2,PWAI,P2 Polluted Water: Agricultural & Industrial,AFS,0,0,0,0,0,0,0,0,0.4,0.4,"50,485.78",2,0.4,"50,485.78",56130,-9034380.652,4579818.227,,,
WV006168,WV,"6,168",SUMMERLEE AMD TREATMENT PHASE 1.1,504393,SEWELL,38,-81.2,38,0,81,9,FAYETTE,54019,3,Beckwith,5050004,LOWER NEW,U,1,100,0,0,0,0,0,0,"4,059",8/20/2010,8/12/2024,2,PWAI,P2 Polluted Water: Agricultural & Industrial,INK,0,0,0,0,0,0,0,0,0.1,0.1,"2,953.60",0.5,0.1,"2,953.60",56131,-9034380.652,4579818.227,,,
WV006168,WV,"6,168",SUMMERLEE AMD TREATMENT PHASE 1.1,504393,SEWELL,38,-81.2,38,0,81,9,FAYETTE,54019,3,Beckwith,5050004,LOWER NEW,U,1,100,0,0,0,0,0,0,"4,059",8/20/2010,8/12/2024,2,PWAI,P2 Polluted Water: Agricultural & Industrial,WCA,0,0,0,0,0,0,0,0,1,1,"67,250.56",5,1,"67,250.56",56132,-9034380.652,4579818.227,,,
WV006168,WV,"6,168",SUMMERLEE AMD TREATMENT PHASE 1.1,504393,SEWELL,38,-81.2,38,0,81,9,FAYETTE,54019,3,Beckwith,5050004,LOWER NEW,U,1,100,0,0,0,0,0,0,"4,059",8/20/2010,8/12/2024,2,PWAI,P2 Polluted Water: Agricultural & Industrial,SGA,0,0,0,0,0,0,0,0,2,2,"174,430.00",10,2,"174,430.00",56133,-9034380.652,4579818.227,,,
WV006168,WV,"6,168",SUMMERLEE AMD TREATMENT PHASE 1.1,504393,SEWELL,38,-81.2,38,0,81,9,FAYETTE,54019,3,Beckwith,5050004,LOWER NEW,U,1,100,0,0,0,0,0,0,"4,059",8/20/2010,8/12/2024,2,PWAI,P2 Polluted Water: Agricultural & Industrial,INK,0,0,0,0,0,0,0,0,0.2,0.2,"6,464.94",1,0.2,"6,464.94",56134,-9034380.652,4579818.227,,,
WV006168,WV,"6,168",SUMMERLEE AMD TREATMENT PHASE 1.1,504393,SEWELL,38,-81.2,38,0,81,9,FAYETTE,54019,3,Beckwith,5050004,LOWER NEW,U,1,100,0,0,0,0,0,0,"4,059",8/20/2010,8/12/2024,3,WA,P3 Water Problems,WCA,0,0,0,0,0,0,0,0,16,16,"95,871.00",16,16,"95,871.00",56135,-9034380.652,4579818.227,,,
WV006168,WV,"6,168",SUMMERLEE AMD TREATMENT PHASE 1.1,504393,SEWELL,38,-81.2,38,0,81,9,FAYETTE,54019,3,Beckwith,5050004,LOWER NEW,U,1,100,0,0,0,0,0,0,"4,059",8/20/2010,8/12/2024,3,WA,P3 Water Problems,AFS,0,0,0,0,0,0,0,0,27,27,"163,412.00",27,27,"163,412.00",56136,-9034380.652,4579818.227,,,
WV006512,WV,"6,512",North Fork (Spry) Drainage Phase II,712294,MANILA,38,-82,38,0,-81,59,LOGAN,54045,3,MUD,5070102,LOWER GUYANDOTTE,U,1,100,0,0,0,0,0,0,"3,268",1/31/2013,2/20/2024,2,CS,P2 Clogged Streams,BIL,300,480,"66,123.00","1,500.00",0,0,0,0,0,0,0,0,300,"66,123.00",56543,-9127517.959,4579661.26,BELCHER RICHARD TODD & DEBRA,"Address: 7911 NORTH FORK RD
Class Type: Residential
Legal Description: TRACT 7 BIG CREEK 11.88 A; 11.88 ACRES(SUR)
Mailing Address: PO BOX 4608, CHAPMANVILLE, WV 25508",https://mapwv.gov/Assessment/Detail/?PID=23020105003600000000
WV006604,WV,"6,604",morgan run tipple,204198,PRESTON,39.5,-79.7,39,27,-79,41,Preston County,54077,1,Kingwood,5020004,CHEAT,U,1,100,0,0,0,0,0,0,0,8/1/2013,5/30/2023,2,CS,P2 Clogged Streams,BIL,0.1,0.2,"18,000.00",0.5,0,0,0,0,0,0,0,0,0.1,"18,000.00",56678,-8870802.845,4787578.21,MAZZA JASON M & LAURA L M,"Address: 396 GLORY DR
Class Type: Residential
Legal Description: SUR LOT 15 (4.691); WOODDALE MEADOWS
Mailing Address: 396 GLORY DR, KINGWOOD, WV 26537",https://mapwv.gov/Assessment/Detail/?PID=39010006000700110000
WV006859,WV,"6,859",Fords Run Drainage,201156,PHILIPPI,39.2,-80,39,9,-80,1,Barbour County,54001,1,Philippi,5020001,TYGART VALLEY,U,1,100,0,0,0,0,0,0,0,11/1/2017,8/1/2023,2,WA,P3 Water Problems,SGA,0,0,0,0,20,20,"49,424.00",20,0,0,0,0,20,"49,424.00",57057,-8907692.887,4744735.822,MITCHELL LEVADA L/E THEN TO MICHAEL P MITCHELL,"Address: MITCHELL LN
Class Type: Residential
Legal Description: 13.40 SUR OG; VALLEY RIVER
Mailing Address: 238 MITCHELL LN, MOATSVILLE, WV 26405",https://mapwv.gov/Assessment/Detail/?PID=01070002000600000000
WV006859,WV,"6,859",Fords Run Drainage,201156,PHILIPPI,39.2,-80,39,9,-80,1,Barbour County,54001,1,Philippi,5020001,TYGART VALLEY,U,1,100,0,0,0,0,0,0,0,11/1/2017,8/1/2023,1,CS,P1 Clogged Streams,SGA,0,0,0,0,0.16,0.3,"1,680,412.20",0.8,0,0,0,0,0.16,"1,680,412.20",57059,-8907692.887,4744735.822,,,
WV006953,WV,"6,953",Tank Hollow Complex,504386,LAYLAND,37.9,-81,37,52,-80,58,Fayette County,54019,3,Meadow Creek,5050004,LOWER NEW,B,1,100,0,0,0,0,0,0,0,5/8/2024,5/13/2024,2,CS,P2 Clogged Streams,BIL,1.25,2,"3,430,909.00",6.3,0,0,0,0,0,0,0,0,1.25,"3,430,909.00",57182,-9014281.3,4561547.482,BEURY HELEN C EST C/O BEURY LAUREL LTD PART,"Address: HIGHLAND MTN RD
Class Type: Residential
Legal Description: 2711.73 / GREENWOOD L; 540/306
Mailing Address: 1554 KANAWHA BLVD E STE 200, CHARLESTON, WV 25311",https://mapwv.gov/Assessment/Detail/?PID=10010116001200000000
WV006953,WV,"6,953",Tank Hollow Complex,504386,LAYLAND,37.9,-81,37,52,-80,58,Fayette County,54019,3,Meadow Creek,5050004,LOWER NEW,B,1,100,0,0,0,0,0,0,0,5/8/2024,5/13/2024,2,HWB,P2 Hazardous Water Bodies,BIL,5,5,"250,000.00",25,0,0,0,0,0,0,0,0,5,"250,000.00",57188,-9014281.3,4561547.482,,,
WV006980,WV,"6,980",Mars Portals - North Portal STTWA,201148,FISHER,38.9,-80,38,53,-79,59,Randolph County,54083,2,Junior,5020001,TYGART VALLEY,B,1,100,0,0,0,0,0,0,0,10/24/2019,4/6/2023,3,WA,P3 Water Problems,AFS,0,0,0,0,66.86,66.86,"277,663.00",66.86,0,0,0,0,66.86,"277,663.00",57230,-8904795.167,4707134.54,PWCC LLC,"Address: RT 33 17.4 W
Class Type: Residential
Legal Description: SURF 97 AC
Mailing Address: PO BOX 846, ELKINS, WV 26241",https://mapwv.gov/Assessment/Detail/?PID=42160119000300000000
WV006980,WV,"6,980",Mars Portals - North Portal STTWA,201148,FISHER,38.9,-80,38,53,-79,59,Randolph County,54083,2,Junior,5020001,TYGART VALLEY,B,1,100,0,0,0,0,0,0,0,10/24/2019,4/6/2023,3,WA,P3 Water Problems,AFS,0,0,0,0,24.08,24.08,"100,000.00",24.08,0,0,0,0,24.08,"100,000.00",57231,-8904795.167,4707134.54,,,
WV006980,WV,"6,980",Mars Portals - North Portal STTWA,201148,FISHER,38.9,-80,38,53,-79,59,Randolph County,54083,2,Junior,5020001,TYGART VALLEY,B,1,100,0,0,0,0,0,0,0,10/24/2019,4/6/2023,3,WA,P3 Water Problems,AFS,0,0,0,0,18.05,18.05,"74,976.00",18.05,0,0,0,0,18.05,"74,976.00",57232,-8904795.167,4707134.54,,,
WV006980,WV,"6,980",Mars Portals - North Portal STTWA,201148,FISHER,38.9,-80,38,53,-79,59,Randolph County,54083,2,Junior,5020001,TYGART VALLEY,B,1,100,0,0,0,0,0,0,0,10/24/2019,4/6/2023,3,WA,P3 Water Problems,AFS,66.86,66.86,"197,982.00",66.86,0,0,0,0,0,0,0,0,66.86,"197,982.00",57233,-8904795.167,4707134.54,,,
WV006980,WV,"6,980",Mars Portals - North Portal STTWA,201148,FISHER,38.9,-80,38,53,-79,59,Randolph County,54083,2,Junior,5020001,TYGART VALLEY,B,1,100,0,0,0,0,0,0,0,10/24/2019,4/6/2023,3,WA,P3 Water Problems,AFS,24.08,24.08,"131,988.00",24.08,0,0,0,0,0,0,0,0,24.08,"131,988.00",57234,-8904795.167,4707134.54,,,
WV006980,WV,"6,980",Mars Portals - North Portal STTWA,201148,FISHER,38.9,-80,38,53,-79,59,Randolph County,54083,2,Junior,5020001,TYGART VALLEY,B,1,100,0,0,0,0,0,0,0,10/24/2019,4/6/2023,3,WA,P3 Water Problems,AFS,18.05,18.05,"30,000.00",18.05,0,0,0,0,0,0,0,0,18.05,"30,000.00",57235,-8904795.167,4707134.54,,,
WV006983,WV,"6,983",Cabot Portals,509320,PRENTER,38,-81.6,38,2,-81,36,Boone County,54005,3,Sylvester,5050009,COAL,U,1,100,0,0,0,0,0,0,0,11/6/2019,3/1/2023,2,CS,P2 Clogged Streams,BIL,0.5,0.8,"55,544.00",2.5,0,0,0,0,0,0,0,0,0.5,"55,544.00",57241,-9085494.851,4584567.619,HEARTWOOD FORESTLAND FUND VIII LLC,"Address: PRENTER RD
Class Type: Residential
Legal Description: 14,236.06 SF., BIG COAL,
Mailing Address: THE FORESTLAND GROUP, 1512 E FRANKLIN ST SUITE 104, CHAPEL HILL, NC 27514",https://mapwv.gov/Assessment/Detail/?PID=03060039000100000000
WV006989,WV,"6,989",Raccoon Creek Portals,201164,BROWNS MILLS,39.4,-79.8,39,23,-79,46,Preston County,54077,1,Newburg,5020001,TYGART VALLEY,U,1,100,0,0,0,0,0,0,0,12/4/2019,8/31/2022,2,CS,P2 Clogged Streams,SGA,0.1,0.2,"40,000.00",0.5,0,0,0,0,0,0,0,0,0.1,"40,000.00",57252,-8880759.755,4777450.629,ALLEGHENY FORESTLANDS LLC,"Address: CONCORD RD
Class Type: Residential
Legal Description: SUR 29.25 RACCOON CR
Mailing Address: C/O ORBIS INC, 8809 LENOX POINTE DR SUITE B, CHARLOTTE, NC 28273",https://mapwv.gov/Assessment/Detail/?PID=39030013002400000000
WV006989,WV,"6,989",Raccoon Creek Portals,201164,BROWNS MILLS,39.4,-79.8,39,23,-79,46,Preston County,54077,1,Newburg,5020001,TYGART VALLEY,U,1,100,0,0,0,0,0,0,0,12/4/2019,8/31/2022,3,WA,P3 Water Problems,SGA,20,20,"5,000.00",20,0,0,0,0,0,0,0,0,20,"5,000.00",57254,-8880759.755,4777450.629,,,
WV007007,WV,"7,007",Meadow Fork Clogged Stream,504390,DERRYHALE,38,-81.1,37,57,-81,7,Fayette County,54019,3,Oak Hill,5050004,LOWER NEW,B,1,95,0,0,0,0,5,0,0,4/1/2020,1/29/2024,1,CS,P1 Clogged Streams,BIL,3.15,5,"12,498,851.00",15.8,0,0,0,0,0,0,0,0,3.15,"12,498,851.00",57282,-9030824.613,4574090.454,FAYETTE COUNTY URBAN RENEWAL AUTHORITY,"Address: WOLF CR
Class Type: Exempt
Legal Description: MIN 420.72/ WOLF CK WATERS 14; SURF 355.49 AC
Mailing Address: PO BOX 307, FAYETTEVILLE, WV 25840",https://mapwv.gov/Assessment/Detail/?PID=10020014000600000000
WV007007,WV,"7,007",Meadow Fork Clogged Stream,504390,DERRYHALE,38,-81.1,37,57,-81,7,Fayette County,54019,3,Oak Hill,5050004,LOWER NEW,B,1,95,0,0,0,0,5,0,0,4/1/2020,1/29/2024,1,HWB,P1 Hazardous Water Bodies,BIL,6,6,"30,000.00",30,0,0,0,0,0,0,0,0,6,"30,000.00",57289,-9030824.613,4574090.454,,,
WV007026,WV,"7,026",Pepper (Thomas) Landslide,202127,QUIET DELL,39.2,-80.2,39,11,-80,9,Barbour County,54001,1,Brownton,5020002,WEST FORK,B,1,100,0,0,0,0,0,0,0,6/17/2020,5/15/2023,1,WA,P3 Water Problems,BIL,10,10,"14,835.00",10,0,0,0,0,0,0,0,0,10,"14,835.00",57316,-8923786.272,4748720.15,,,
WV007026,WV,"7,026",Pepper (Thomas) Landslide,202127,QUIET DELL,39.2,-80.2,39,11,-80,9,Barbour County,54001,1,Brownton,5020002,WEST FORK,B,1,100,0,0,0,0,0,0,0,6/17/2020,5/15/2023,2,HWB,P2 Hazardous Water Bodies,BIL,1,1,"42,064.00",5,0,0,0,0,0,0,0,0,1,"42,064.00",57317,-8923786.272,4748720.15,,,
WV007038,WV,"7,038",Shinnston (Sheppard) Mine Drainage,202133,HAYWOOD,39.4,-80.3,39,23,-80,18,Harrison County,54033,1,Shinnston,5020002,WEST FORK,U,1,100,0,0,0,0,0,0,0,9/2/2020,1/23/2024,3,WA,P3 Water Problems,SGA,250,250,"250,000.00",250,0,0,0,0,0,0,0,0,250,"250,000.00",57333,-8940346.604,4777130.556,TRUSTEES OTTERBEIN UNITED METHODIST CHURCH,"Address: 720 CLARK ST SHINNSTON 26431
Class Type: Exempt
Legal Description: 1 LOT PT 31-32 WEST; SHINNSTON
Mailing Address: 800 CLARK ST, SHINNSTON, WV 26431",https://mapwv.gov/Assessment/Detail/?PID=17061006007500000000
WV007050,WV,"7,050",Upland Run (Harrison) AMD,202114,WILSON SIDING,39,-80.4,39,2,-80,23,Lewis County,54041,2,Weston,5020002,WEST FORK,S,1,90,10,0,0,0,0,0,0,1/6/2021,1/18/2024,1,CS,P1 Clogged Streams,BIL,0.3,0.5,"446,437.00",1.5,0,0,0,0,0,0,0,0,0.3,"446,437.00",57350,-8949117.467,4727249.066,BAILEY HAROLD E,"Address: SAULS RUN RD WESTON 26452
Class Type: Residential
Legal Description: 100 AC CURTIS RUN
Mailing Address: 350 SAULS RUN RD, WESTON, WV 26452",https://mapwv.gov/Assessment/Detail/?PID=2106008H002000000000
WV007050,WV,"7,050",Upland Run (Harrison) AMD,202114,WILSON SIDING,39,-80.4,39,2,-80,23,Lewis County,54041,2,Weston,5020002,WEST FORK,S,1,90,10,0,0,0,0,0,0,1/6/2021,1/18/2024,3,WA,P3 Water Problems,SGA,1,1,"5,000.00",1,0,0,0,0,0,0,0,0,1,"5,000.00",57352,-8949117.467,4727249.066,,,
WV007050,WV,"7,050",Upland Run (Harrison) AMD,202114,WILSON SIDING,39,-80.4,39,2,-80,23,Lewis County,54041,2,Weston,5020002,WEST FORK,S,1,90,10,0,0,0,0,0,0,1/6/2021,1/18/2024,3,WA,P3 Water Problems,SGA,1,1,"5,000.00",1,0,0,0,0,0,0,0,0,1,"5,000.00",57353,-8949117.467,4727249.066,,,
WV007097,WV,"7,097",Shrewsbury (Pritt) Landslide,506341,WINIFREDE JUNCTION,38.2,-81.5,38,12,-81,28,Kanawha County,54039,2,Cedar Grove,5050006,UPPER KANAWHA,S,1,100,0,0,0,0,0,0,"5,448",10/18/2021,7/17/2024,3,WA,P3 Water Problems,BIL,0.1,0.1,"202,328.00",0.1,0,0,0,0,0,0,0,0,0.1,"202,328.00",57435,-9069539.058,4608780.216,QUINCY COAL CO,"Address: 352 KANAWHA AVE
Class Type: Industrial
Legal Description: 44.588 AC M/L SURF BTMS MOUTH; CARROLL BR 2 IMPS 95.692A MIN
Mailing Address: P O BOX 1319, MONTGOMERY, WV 25136",https://mapwv.gov/Assessment/Detail/?PID=20030039002500000000
WV007107,WV,"7,107",Pinnacle Creek Drainage,443,PINNACLE CREEK,37.5,-81.4,37,27,-81,21,Wyoming County,54109,3,Crumpler,5070101,UPPER GUYANDOTTE,B,1,100,0,0,0,0,0,0,0,12/9/2021,9/6/2023,2,HWB,P2 Hazardous Water Bodies,BIL,0.13,0.13,"5,000.00",0.7,0,0,0,0,0,0,0,0,0.13,"5,000.00",57449,-9057386.68,4502446.446,LAMBERT JEREMIAH H HRS,"Address: SPIDER CRK
Class Type: Residential
Legal Description: 71 AC (S) SPIDER CREEK
Mailing Address: C/O HAZEL CLARK, 2004 ROWLESVILLE RD, VINTON, OH 45686",https://mapwv.gov/Assessment/Detail/?PID=55020125001200000000
WV007113,WV,"7,113",North Fork of Blackwater AMD Treatm,204187,BENBUSH,39.1,-79.5,39,8,-79,30,Tucker County,54093,1,Lead Mine,5020004,CHEAT,U,1,50,0,0,0,50,0,0,0,3/1/2022,4/26/2023,1,WA,P3 Water Problems,AMA,"11,010.00","11,010.00","13,042,012.00","11,010.00",0,0,0,0,0,0,0,0,"11,010.00","13,042,012.00",57459,-8851105.479,4741346.583,WEST VIRGINIA STATE OF,"Class Type: Exempt
Legal Description: 743.6 AC (TR.N. 106-111); BLACKWATER FALLS STATE PARK",https://mapwv.gov/Assessment/Detail/?PID=47010288000200000000
WV007123,WV,"7,123",Nutter Fort AMD Stormwater,202126,ANMOORE,39.3,-80.3,39,15,-80,19,Harrison County,54033,1,Clarksburg,5020002,WEST FORK,B,1,95,5,0,0,0,0,0,"5,054",8/15/2023,7/18/2024,3,WA,P3 Water Problems,SGA,50,50,"50,000.00",50,0,0,0,0,0,0,0,0,50,"50,000.00",57473,-8941923.631,4759462.315,MARTIN JAMES R J II & STACY A,"Class Type: Farm
Legal Description: 77.83 AS JACK RUN
Mailing Address: PO BOX 4507, BRIDGEPORT, WV 26330",https://mapwv.gov/Assessment/Detail/?PID=17070288001700000000
WV007123,WV,"7,123",Nutter Fort AMD Stormwater,202126,ANMOORE,39.3,-80.3,39,15,-80,19,Harrison County,54033,1,Clarksburg,5020002,WEST FORK,B,1,95,5,0,0,0,0,0,"5,054",8/15/2023,7/18/2024,1,CS,P1 Clogged Streams,SEA,0,0,0,0,0,0,0,0,0.1,0.2,"1,020,000.00",0.5,0.1,"1,020,000.00",57474,-8941923.631,4759462.315,,,
WV007123,WV,"7,123",Nutter Fort AMD Stormwater,202126,ANMOORE,39.3,-80.3,39,15,-80,19,Harrison County,54033,1,Clarksburg,5020002,WEST FORK,B,1,95,5,0,0,0,0,0,"5,054",8/15/2023,7/18/2024,2,CS,P2 Clogged Streams,BIL,1.3,2.1,"10,420,000.00",6.5,0,0,0,0,0,0,0,0,1.3,"10,420,000.00",57475,-8941923.631,4759462.315,,,
WV007125,WV,"7,125",Clifftop (Road Fork) Drainage,504392,LANDISBURG,38,-81,38,1,-80,57,Fayette County,54019,3,Winona,5050005,GAULEY,B,1,100,0,0,0,0,0,0,0,5/6/2022,1/26/2023,2,CS,P2 Clogged Streams,BIL,0.25,0.4,"225,000.00",1.3,0,0,0,0,0,0,0,0,0.25,"225,000.00",57479,-9012333.208,4583232.859,W VA STATE CONS COMM,"Address: MANNS CRK
Class Type: Exempt
Legal Description: SURF 3221.54/ MANNS CK",https://mapwv.gov/Assessment/Detail/?PID=10010080001500000000
WV007130,WV,"7,130",Snow Hill Waterline Extension,360,LEIVASY,38.1,-80.7,38,6,-80,43,Nicholas County,54067,3,Quinwood,5050005,GAULEY,S,1,100,0,0,0,0,0,0,"3,361",2/10/2023,9/20/2024,2,PWHC,P2 Polluted Water: Human Consumption,BIL,0,0,0,0,0,0,0,0,5,5,"455,819.00",25,5,"455,819.00",57485,-8986822.492,4594308.726,O DELL ANDREW E,"Address: MAIN ST
Class Type: Residential
Legal Description: BLK B--LOT 4; SUR GREEN VALLEY
Mailing Address: PO BOX 266, QUINWOOD, WV 25981",https://mapwv.gov/Assessment/Detail/?PID=34050052004300000000
WV007134,WV,"7,134",Winona East Highwall and Drainage,504394,ELVERTON,38,-81,38,2,-80,59,Fayette County,54019,3,Winona,5050004,LOWER NEW,B,1,100,0,0,0,0,0,0,0,5/11/2023,1/29/2024,2,CSL,P2 Clogged Stream Lands,BIL,0.07,0.1,"80,000.00",0.4,0,0,0,0,0,0,0,0,0.07,"80,000.00",57495,-9015734.637,4584920.966,W VA STATE CONS COMM,"Address: MANNS CRK
Class Type: Exempt
Legal Description: SURF 3221.54/ MANNS CK",https://mapwv.gov/Assessment/Detail/?PID=10010080001500000000
WV007145,WV,"7,145",Benwood Portal and Drainage,316017,MCMECHEN,40,-80.7,40,0,-80,44,Marshall County,54051,1,Wheeling,5030106,UPPER OHIO-WHEELING,U,1,100,0,0,0,0,0,0,0,8/17/2022,1/24/2024,2,CS,P2 Clogged Streams,SGA,"1,000.00","1,600.00","59,014.00","5,000.00",0,0,0,0,0,0,0,0,"1,000.00","59,014.00",57510,-8987348.167,4867758.912,CALMBACHER RUSSELL JAMES,"Address: 522 BOGGS RUN RD
Class Type: Residential
Legal Description: 2 BOGGS RUN
Mailing Address: 307 SE HAMMOCK RD, PALM BAY, FL 32909",https://mapwv.gov/Assessment/Detail/?PID=25130006002700000000
WV007160,WV,"7,160",Glen Dale (Howard) Shaft & Mine Fac,316017,MCMECHEN,40,-80.7,39,58,-80,41,Marshall County,54051,1,Moundsville,5030106,UPPER OHIO-WHEELING,U,1,100,0,0,0,0,0,0,0,2/1/2023,2/3/2023,2,CSL,P2 Clogged Stream Lands,BIL,1,1.6,"24,180.00",5,0,0,0,0,0,0,0,0,1,"24,180.00",57524,-8982524.323,4862673.179,CALMBACHER RUSSELL JAMES,"Address: 522 BOGGS RUN RD
Class Type: Residential
Legal Description: 2 BOGGS RUN
Mailing Address: 307 SE HAMMOCK RD, PALM BAY, FL 32909",https://mapwv.gov/Assessment/Detail/?PID=25130006002700000001 
WV007161,WV,"7,161",Isaac Creek (Hardman) Dangerous Sli,202131,OLIVE,39.4,-80.4,39,21,-80,24,Harrison County,54033,1,Wolf Summit,5020002,WEST FORK,B,1,100,0,0,0,0,0,0,0,1/9/2023,1/9/2023,3,WA,P3 Water Problems,SGA,41,41,"99,168.00",41,0,0,0,0,0,0,0,0,41,"99,168.00",57527,-8951787.774,4773850.393,HARRISON COUNTY COAL RESOURCES INC,"Address: 3758 JONES RUN RD LUMBERPORT 26386
Class Type: Residential
Legal Description: 245.58 AC JONES RUN
Mailing Address: 46226 NATIONAL RD, SAINT CLAIRSVILLE, OH 43950",https://mapwv.gov/Assessment/Detail/?PID=17090165003800010000
WV007163,WV,"7,163",New Cumberland (Shilo Landfill) Min,311002,HERRON,40.5,-80.6,40,29,-80,35,Hancock County,54029,1,Weirton,5030101,UPPER OHIO,B,1Y,100,0,0,0,0,0,0,0,12/21/2022,12/22/2022,3,WA,P3 Water Problems,SGA,5,5,"97,346.00",5,0,0,0,0,0,0,0,0,5,"97,346.00",57532,-8971083.153,4936754.812,SWIGER TERRY L ET AL,"Address: TRAVIS DR
Class Type: Residential
Legal Description: 66.905 ACRES OHIO RIVER; (EXCEPT MINERALS)
Mailing Address: 346 SUNSET LN, NEW CUMBERLAND, WV 26047",https://mapwv.gov/Assessment/Detail/?PID=15030C26003800000000
WV007164,WV,"7,164",Adrian (Abbot Rd.) Drainage,201149,FRENCH CREEK,38.9,-80.3,38,54,-80,17,Upshur County,54097,2,Adrian,5020001,TYGART VALLEY,S,1,100,0,0,0,0,0,0,0,1/4/2023,1/4/2023,3,WA,P3 Water Problems,SGA,2,2,"164,217.00",2,0,0,0,0,0,0,0,0,2,"164,217.00",57534,-8937378.085,4708946.988,HULL ROGER BRENT,"Address: GRUBBS RN
Class Type: Farm
Legal Description: FS 105 FRENCH CREEK
Mailing Address: 426 SLAB CAMP RD, FRENCH CREEK, WV 26218",https://mapwv.gov/Assessment/Detail/?PID=4904004L000100000000 
WV007168,WV,"7,168",Rockhouse (Caudill) Drainage,721430,ROCKHOUSE FORK,37.7,-82.2,37,42,-82,9,Mingo County,54059,3,Delbarton,5070201,TUG,U,1,100,0,0,0,0,0,0,0,4/25/2023,4/25/2023,1,CS,P1 Clogged Streams,BIL,0.05,0.1,"127,313.00",0.3,0,0,0,0,0,0,0,0,0.05,"127,313.00",57536,-9146133.052,4537679.283,LYME MOUNTAINEER TIMBERLANDS,"Address: PIGEON CR
Class Type: Residential
Legal Description: (TR. 11) 40.10 A SUR. PIGEON; CR.
Mailing Address: 23 SOUTH MAIN ST, HANOVER, NH 03755",https://mapwv.gov/Assessment/Detail/?PID=30060385004000000000
WV007171,WV,"7,171","Bethany (Haizlett) DS, Highwall and",311004,COLLIERS,40.2,-80.6,40,12,-80,34,Brooke County,54009,1,Bethany,5030106,UPPER OHIO-WHEELING,B,1,100,0,0,0,0,0,0,0,2/9/2023,5/16/2023,2,CSL,P2 Clogged Stream Lands,BIL,1,1.6,"74,023.00",5,0,0,0,0,0,0,0,0,1,"74,023.00",57543,-8970339.192,4895816.401,WARD JEFFREY S & DAWNA J,"Address: 1133 LAZEAR-WILHELM RD WHEELING 26003
Class Type: Residential
Legal Description: 90.72 AC HOAGLANDS RUN; SPEECE BRK 5
Mailing Address: 1133 LAZEARS WILHELM RD, WHEELING, WV 26003",https://mapwv.gov/Assessment/Detail/?PID=05030B42005900040000
WV007171,WV,"7,171","Bethany (Haizlett) DS, Highwall and",311004,COLLIERS,40.2,-80.6,40,12,-80,34,Brooke County,54009,1,Bethany,5030106,UPPER OHIO-WHEELING,B,1,100,0,0,0,0,0,0,0,2/9/2023,5/16/2023,2,HWB,P2 Hazardous Water Bodies,BIL,4,4,"275,057.00",20,0,0,0,0,0,0,0,0,4,"275,057.00",57544,-8970339.192,4895816.401,,,
WV007175,WV,"7,175",Burl Gould Landslides,202127,QUIET DELL,39.2,-80.3,39,12,-80,15,Harrison County,54033,1,Mount Clare,5020002,WEST FORK,S,1,100,0,0,0,0,0,0,0,2/10/2023,1/18/2024,2,HWB,P2 Hazardous Water Bodies,BIL,1,1,"200,000.00",5,0,0,0,0,0,0,0,0,1,"200,000.00",57552,-8933760.201,4751397.995,ZIRKLE RONNIE & BARBARA L,"Address: REAR ROUTE 20-17
Class Type: Farm
Legal Description: 34.57 AC HASTINGS RUN; (SURFACE ONLY)
Mailing Address: 913 EVERWOOD RD, MOUNT CLARE, WV 26408",https://mapwv.gov/Assessment/Detail/?PID=17110388007800000000
WV007180,WV,"7,180",Falls Run (Abruzzino) DH & DS,202127,QUIET DELL,39.2,-80.3,39,12,-80,15,Harrison County,54033,1,Mount Clare,5020002,WEST FORK,S,1,100,0,0,0,0,0,0,0,3/1/2023,2/27/2024,3,WA,P3 Water Problems,SGA,20,20,"20,000.00",20,0,0,0,0,0,0,0,0,20,"20,000.00",57562,-8934038.5,4752116.336,ZIRKLE RONNIE & BARBARA L,"Address: REAR ROUTE 20-17
Class Type: Farm
Legal Description: 34.57 AC HASTINGS RUN; (SURFACE ONLY)
Mailing Address: 913 EVERWOOD RD, MOUNT CLARE, WV 26408",https://mapwv.gov/Assessment/Detail/?PID=17110388007800000001 
WV007185,WV,"7,185",Godfrey (Pittston Rd.) AMD,202131,OLIVE,39.3,-80.5,39,19,-80,28,Harrison County,54033,1,Wolf Summit,5020002,WEST FORK,S,1,100,0,0,0,0,0,0,0,5/3/2023,5/4/2023,2,CS,P2 Clogged Streams,BIL,0.2,0.3,"118,750.00",1,0,0,0,0,0,0,0,0,0.2,"118,750.00",57566,-8959085.385,4767453.153,DAVIS SHAWNIE J,"Address: 2852 FLINDERATION RD SALEM 26426
Class Type: Farm
Legal Description: 88.91 AC TENMILE
Mailing Address: 2852 FLINDERATION RD, SALEM, WV 26426",https://mapwv.gov/Assessment/Detail/?PID=17180283002200000000
WV007185,WV,"7,185",Godfrey (Pittston Rd.) AMD,202131,OLIVE,39.3,-80.5,39,19,-80,28,Harrison County,54033,1,Wolf Summit,5020002,WEST FORK,S,1,100,0,0,0,0,0,0,0,5/3/2023,5/4/2023,3,WA,P3 Water Problems,BIL,25,25,"9,754.00",25,0,0,0,0,0,0,0,0,25,"9,754.00",57568,-8959085.385,4767453.153,,,
WV007191,WV,"7,191",Bethlehem (Amos) DI and AMD,202133,HAYWOOD,39.4,-80.3,39,24,-80,16,Harrison County,54033,1,Shinnston,5020002,WEST FORK,U,1,100,0,0,0,0,0,0,0,6/16/2023,6/16/2023,3,WA,P3 Water Problems,SGA,50,50,"30,000.00",50,0,0,0,0,0,0,0,0,50,"30,000.00",57573,-8936264.89,4781012.132,TRUSTEES OTTERBEIN UNITED METHODIST CHURCH,"Address: 720 CLARK ST SHINNSTON 26431
Class Type: Exempt
Legal Description: 1 LOT PT 31-32 WEST; SHINNSTON
Mailing Address: 800 CLARK ST, SHINNSTON, WV 26431",https://mapwv.gov/Assessment/Detail/?PID=17061006007500000000
WV007193,WV,"7,193","Manley Chapel (Greaser) DH, DS, and",202136,EVERSON,39.4,-80.2,39,26,-80,14,Marion County,54049,1,Fairmont West,5020002,WEST FORK,B,1,100,0,0,0,0,0,0,0,6/30/2023,6/30/2023,3,WA,P3 Water Problems,SGA,25,25,"61,963.00",25,0,0,0,0,0,0,0,0,25,"61,963.00",57579,-8932863.461,4785375.693,ANTULOV STEPHEN D & GLADYS L,"Address: 1111 MIDDLETOWN RD FAIRMONT 26554
Class Type: Farm
Legal Description: 2.1 AC NR BOOTHSVILLE
Mailing Address: 1111 MIDDLETOWN RD, FAIRMONT, WV 26554",https://mapwv.gov/Assessment/Detail/?PID=24090028006100010000
WV007197,WV,"7,197",Gregorys Run (Bates) AMD,202131,OLIVE,39.4,-80.4,39,21,-80,24,Harrison County,54033,1,Wolf Summit,5020002,WEST FORK,U,1,100,0,0,0,0,0,0,0,9/20/2023,1/16/2024,2,PWAI,P2 Polluted Water: Agricultural & Industrial,SGA,1,1,"100,418.00",5,0,0,0,0,0,0,0,0,1,"100,418.00",57582,-8950278.529,4772594.598,HARRISON COUNTY COAL RESOURCES INC,"Address: 3758 JONES RUN RD LUMBERPORT 26386
Class Type: Residential
Legal Description: 245.58 AC JONES RUN
Mailing Address: 46226 NATIONAL RD, SAINT CLAIRSVILLE, OH 43950",https://mapwv.gov/Assessment/Detail/?PID=17090165003800010000
WV007197,WV,"7,197",Gregorys Run (Bates) AMD,202131,OLIVE,39.4,-80.4,39,21,-80,24,Harrison County,54033,1,Wolf Summit,5020002,WEST FORK,U,1,100,0,0,0,0,0,0,0,9/20/2023,1/16/2024,3,WA,P3 Water Problems,SGA,10,10,"54,000.00",10,0,0,0,0,0,0,0,0,10,"54,000.00",57583,-8950278.529,4772594.598,,,
WV007197,WV,"7,197",Gregorys Run (Bates) AMD,202131,OLIVE,39.4,-80.4,39,21,-80,24,Harrison County,54033,1,Wolf Summit,5020002,WEST FORK,U,1,100,0,0,0,0,0,0,0,9/20/2023,1/16/2024,2,HWB,P2 Hazardous Water Bodies,SGA,1,1,"12,000.00",5,0,0,0,0,0,0,0,0,1,"12,000.00",57584,-8950278.529,4772594.598,,,
WV007199,WV,"7,199",Vassar Lane VO,202136,EVERSON,39.4,-80.2,39,25,-80,14,Marion County,54049,1,Fairmont West,5020002,WEST FORK,U,1,95,5,0,0,0,0,0,"5,433",8/9/2023,1/15/2024,1,CS,P1 Clogged Streams,BIL,0.35,0.6,"2,000,000.00",1.8,0,0,0,0,0,0,0,0,0.35,"2,000,000.00",57587,-8933141.759,4783654.062,ANTULOV STEPHEN D & GLADYS L,"Address: 1111 MIDDLETOWN RD FAIRMONT 26554
Class Type: Farm
Legal Description: 2.1 AC NR BOOTHSVILLE
Mailing Address: 1111 MIDDLETOWN RD, FAIRMONT, WV 26554",https://mapwv.gov/Assessment/Detail/?PID=24090028006100010000
WV007200,WV,"7,200",Lodgeville Tunnel (Haley) Dangerous,202130,GLEN FALLS,39.3,-80.3,39,17,-80,17,Harrison County,54033,1,Clarksburg,5020002,WEST FORK,B,1,100,0,0,0,0,0,0,0,8/28/2023,9/19/2023,1,CSL,P1 Clogged Stream Lands,SGA,0.75,1.2,"35,000.00",3.8,0,0,0,0,0,0,0,0,0.75,"35,000.00",57594,-8937550.259,4763213.271,MARTIN JAMES R J II & STACY A,"Class Type: Farm
Legal Description: 77.83 AS JACK RUN
Mailing Address: PO BOX 4507, BRIDGEPORT, WV 26330",https://mapwv.gov/Assessment/Detail/?PID=17070288001700000000
WV007200,WV,"7,200",Lodgeville Tunnel (Haley) Dangerous,202130,GLEN FALLS,39.3,-80.3,39,17,-80,17,Harrison County,54033,1,Clarksburg,5020002,WEST FORK,B,1,100,0,0,0,0,0,0,0,8/28/2023,9/19/2023,3,WA,P3 Water Problems,SGA,5,5,"648,735.00",5,0,0,0,0,0,0,0,0,5,"648,735.00",57597,-8937550.259,4763213.271,,,
WV007201,WV,"7,201",Roanoke (Knight) AMD and Highwall,202112,CRAWFORD,38.9,-80.5,38,55,-80,27,Lewis County,54041,2,Roanoke,5020002,WEST FORK,S,1,100,0,0,0,0,0,0,0,11/3/2023,10/7/2024,2,HWB,P2 Hazardous Water Bodies,SGA,2,2,"120,000.00",10,0,0,0,0,0,0,0,0,2,"120,000.00",57601,-8957291.905,4710814.912,POSEY STEVEN M & MICHELLE E,"Address: 648 JACKSONVILLE RD ROANOKE 26447
Class Type: Residential
Legal Description: 283.19 NET AC FEE OIL CREEK; R-2650 (2.33 ROW, 0.38 ROW)
Mailing Address: 3822 OIL CREEK RD, ROANOKE, WV 26447",https://mapwv.gov/Assessment/Detail/?PID=2101006N001900000000
WV007209,WV,"7,209",Little Sandy (Kelly) AMD,204202,HUDSON,39.6,-79.7,39,37,-79,40,Preston County,54077,1,Valley Point,5020004,CHEAT,S,1,100,0,0,0,0,0,0,0,11/17/2023,11/17/2023,2,HWB,P2 Hazardous Water Bodies,SGA,2,2,"76,813.00",10,0,0,0,0,0,0,0,0,2,"76,813.00",57607,-8869009.364,4811195.552,DAVIS TIMOTHY A & PAMELA L,"Address: 97 LEE SEAL RD
Class Type: Residential
Legal Description: SUR 12.78 A SOVERN RUN
Mailing Address: C/O HARTMAN KELLY SHANE, 97 LEE SEAL RD, ALBRIGHT, WV 26519",https://mapwv.gov/Assessment/Detail/?PID=39080015003100040000
WV007209,WV,"7,209",Little Sandy (Kelly) AMD,204202,HUDSON,39.6,-79.7,39,37,-79,40,Preston County,54077,1,Valley Point,5020004,CHEAT,S,1,100,0,0,0,0,0,0,0,11/17/2023,11/17/2023,3,WA,P3 Water Problems,SGA,5,5,"35,800.00",5,0,0,0,0,0,0,0,0,5,"35,800.00",57608,-8869009.364,4811195.552,,,
WV007210,WV,"7,210",Kingwood (Burke) Portals,203025,BURK,39.5,-79.7,39,29,-79,44,Preston County,54077,1,Kingwood,5020003,UPPER MONONGAHELA,B,1,100,0,0,0,0,0,0,0,11/16/2023,11/16/2023,3,WA,P3 Water Problems,SGA,10,10,"24,800.00",10,0,0,0,0,0,0,0,0,10,"24,800.00",57613,-8877636.625,4792866.224,MAZZA JASON M & LAURA L M,"Address: 396 GLORY DR
Class Type: Residential
Legal Description: SUR LOT 15 (4.691); WOODDALE MEADOWS
Mailing Address: 396 GLORY DR, KINGWOOD, WV 26537",https://mapwv.gov/Assessment/Detail/?PID=39010006000700110000
WV007218,WV,"7,218",Deckers Creek Stream Restoration,203026,DELLSLOW,39.6,-79.9,39,36,-79,54,Monongalia County,54061,1,Morgantown South,5020003,UPPER MONONGAHELA,U,1,100,0,0,0,0,0,0,0,1/11/2024,1/12/2024,2,CS,P2 Clogged Streams,BIL,0.64,1,"1,990,320.00",3.2,0,0,0,0,0,0,0,0,0.64,"1,990,320.00",57624,-8894643.769,4809148.383,SAVAGE MICHAEL DIRK,"Address: 164 SAVAGE LN
Class Type: Residential
Legal Description: 56.5378 AC SUR
Mailing Address: PO BOX 665, DELLSLOW, WV 26531",https://mapwv.gov/Assessment/Detail/?PID=31080016001300000000
WV007221,WV,"7,221",Upshur County Airport Hazardous Wat,201150,BUCKHANNON,39,-80.3,39,0,-80,16,Upshur County,54097,2,Berlin,5020001,TYGART VALLEY,S,1,100,0,0,0,0,0,0,0,1/25/2024,1/25/2024,2,HWB,P2 Hazardous Water Bodies,SGA,2,2,"357,029.00",10,0,0,0,0,0,0,0,0,2,"357,029.00",57625,-8935695.453,4722019.799,MIKE ROSS INC,"Address: FINKS RUN RD
Class Type: Farm
Legal Description: SUR 212.84 FINKS RUN/; MARPLE
Mailing Address: PO BOX 219, COALTON, WV 26257",https://mapwv.gov/Assessment/Detail/?PID=4902004F001700000000
WV007224,WV,"7,224",Pierpont Heights (McFarland) Highwa,203026,DELLSLOW,39.6,-79.9,39,38,-79,53,Monongalia County,54061,1,Morgantown North,5020003,UPPER MONONGAHELA,S,1,100,0,0,0,0,0,0,0,3/28/2024,3/28/2024,1,HWB,P1 Hazardous Water Bodies,SGA,1,1,"50,000.00",5,0,0,0,0,0,0,0,0,1,"50,000.00",57629,-8893835.206,4813328.586,SAVAGE MICHAEL DIRK,"Address: 164 SAVAGE LN
Class Type: Residential
Legal Description: 56.5378 AC SUR
Mailing Address: PO BOX 665, DELLSLOW, WV 26531",https://mapwv.gov/Assessment/Detail/?PID=31080016001300000000
WV007225,WV,"7,225",Bruceton Mills (Collins) AMD,204206,BRUCETON MILLS,39.7,-79.7,39,41,-79,41,Preston County,54077,1,Bruceton Mills,5020004,CHEAT,S,1,100,0,0,0,0,0,0,0,2/27/2024,2/27/2024,3,WA,P3 Water Problems,SGA,2,2,"1,130,415.00",2,0,0,0,0,0,0,0,0,2,"1,130,415.00",57632,-8871204.832,4821598.436,JEFFRIES JEFFREY SCOTT,"Address: 1817 EAGLES NEST RD
Class Type: Farm
Legal Description: SUR 41 A LAUREL RUN
Mailing Address: 1817 EAGLES NEST RD, BRUCETON MILLS, WV 26525",https://mapwv.gov/Assessment/Detail/?PID=39100010002500000000
WV007230,WV,"7,230",Elk Garden (Etchison) AMD,702484,HARTMANSVILLE,39.3,-79.1,39,19,-79,8,Mineral County,54057,1,Mount Storm,2070002,NORTH BRANCH POTOMAC,S,1,100,0,0,0,0,0,0,0,5/21/2024,5/21/2024,2,HWB,P2 Hazardous Water Bodies,SGA,2,2,"129,283.00",10,0,0,0,0,0,0,0,0,2,"129,283.00",57639,-8809453.436,4768852.201,HALTERMAN BRADLEY EDWARD,"Address: LAUREL DALE POST OFFICE RD
Class Type: Farm
Legal Description: FEE 80.5AC WS/RT 5 DAVIS LD; WB 35/58 - FD/24
Mailing Address: 3526 LAUREL DALE RD, NEW CREEK, WV 26743",https://mapwv.gov/Assessment/Detail/?PID=29060032000700000000
WV007230,WV,"7,230",Elk Garden (Etchison) AMD,702484,HARTMANSVILLE,39.3,-79.1,39,19,-79,8,Mineral County,54057,1,Mount Storm,2070002,NORTH BRANCH POTOMAC,S,1,100,0,0,0,0,0,0,0,5/21/2024,5/21/2024,2,CS,P2 Clogged Streams,SGA,0.1,0.2,"85,000.00",0.5,0,0,0,0,0,0,0,0,0.1,"85,000.00",57640,-8809453.436,4768852.201,,,
WV007230,WV,"7,230",Elk Garden (Etchison) AMD,702484,HARTMANSVILLE,39.3,-79.1,39,19,-79,8,Mineral County,54057,1,Mount Storm,2070002,NORTH BRANCH POTOMAC,S,1,100,0,0,0,0,0,0,0,5/21/2024,5/21/2024,3,WA,P3 Water Problems,SGA,3,3,"129,283.00",3,0,0,0,0,0,0,0,0,3,"129,283.00",57642,-8809453.436,4768852.201,,,
WV007244,WV,"7,244",Wyoming County (Shumate) Airstrip,711442,MONTECARLO,37.6,-81.4,37,33,-81,21,Wyoming County,54109,3,Rhodell,5070101,UPPER GUYANDOTTE,B,1,100,0,0,0,0,0,0,0,5/13/2024,5/13/2024,2,CSL,P2 Clogged Stream Lands,BIL,3,4.8,"200,000.00",15,0,0,0,0,0,0,0,0,3,"200,000.00",57658,-9056026.109,4517024.611,POCAHONTAS SURFACE INTERESTS LLC 63-X-1 63-X-2 (17-2),"Address: CABIN CK
Class Type: Residential
Legal Description: 6478.737 (S) (LESS TIMBER); GUY-WTS GUYANDOT
Mailing Address: C/O POCAHONTAS ROYALTIES LLC, PO BOX 1517, BLUEFIELD, WV 24701",https://mapwv.gov/Assessment/Detail/?PID=55100136000100000000
WV007244,WV,"7,244",Wyoming County (Shumate) Airstrip,711442,MONTECARLO,37.6,-81.4,37,33,-81,21,Wyoming County,54109,3,Rhodell,5070101,UPPER GUYANDOTTE,B,1,100,0,0,0,0,0,0,0,5/13/2024,5/13/2024,2,HWB,P2 Hazardous Water Bodies,BIL,2,2,"200,000.00",10,0,0,0,0,0,0,0,0,2,"200,000.00",57659,-9056026.109,4517024.611,,,
WV007248,WV,"7,248",Clarksburg (Skasik) Subsidence and,202136,EVERSON,39.3,-80.3,39,16,-80,20,Harrison County,54033,1,Clarksburg,5020002,WEST FORK,U,1,100,0,0,0,0,0,0,0,5/21/2024,5/21/2024,3,WA,P3 Water Problems,SGA,5,5,"30,488.00",5,0,0,0,0,0,0,0,0,5,"30,488.00",57662,-8944180.942,4760261.113,MARTIN JAMES R J II & STACY A,"Class Type: Farm
Legal Description: 77.83 AS JACK RUN
Mailing Address: PO BOX 4507, BRIDGEPORT, WV 26330",https://mapwv.gov/Assessment/Detail/?PID=17070288001700000000
WV007252,WV,"7,252",Crown Hill Portals and Drainage,339,WARD,38.2,-81.4,38,11,-81,25,Kanawha County,54039,2,Cedar Grove,5050006,UPPER KANAWHA,B,1,100,0,0,0,0,0,0,0,8/30/2024,10/2/2024,2,HWB,P2 Hazardous Water Bodies,BIL,5,5,"100,000.00",25,0,0,0,0,0,0,0,0,5,"100,000.00",57670,-9063509.252,4607206.245,LAW RIVER COMPANY LLC,"Address: 5 LITTLE CHURCH CIR
Class Type: Industrial
Legal Description: 918-24/100A M/L PAINT CREEK
Mailing Address: PO BOX 1006, LEWISBURG, WV 24901",https://mapwv.gov/Assessment/Detail/?PID=20030036003900000000
WV007252,WV,"7,252",Crown Hill Portals and Drainage,339,WARD,38.2,-81.4,38,11,-81,25,Kanawha County,54039,2,Cedar Grove,5050006,UPPER KANAWHA,B,1,100,0,0,0,0,0,0,0,8/30/2024,10/2/2024,2,CS,P2 Clogged Streams,BIL,0.13,0.2,"100,000.00",0.7,0,0,0,0,0,0,0,0,0.13,"100,000.00",57673,-9063509.252,4607206.245,,,
WV007259,WV,"7,259",Hazelton (Northpointe Drive) AMD,204204,ZAR,39.7,-79.5,39,39,-79,31,Preston County,54077,1,Brandonville,5020004,CHEAT,S,1,100,0,0,0,0,0,0,0,7/23/2024,8/19/2024,2,CSL,P2 Clogged Stream Lands,SGA,2,3.2,"230,752.00",10,0,0,0,0,0,0,0,0,2,"230,752.00",57680,-8852682.505,4816737.054,HOWDERSHELT ROBERT L & RUTH A,"Address: 1227 WALT TEETS RD
Class Type: Farm
Legal Description: SUR 140.3 GLADE FARMS
Mailing Address: 1227 WALT TEETS RD, BRUCETON MILLS, WV 26525",https://mapwv.gov/Assessment/Detail/?PID=39100015000500000000
WV007259,WV,"7,259",Hazelton (Northpointe Drive) AMD,204204,ZAR,39.7,-79.5,39,39,-79,31,Preston County,54077,1,Brandonville,5020004,CHEAT,S,1,100,0,0,0,0,0,0,0,7/23/2024,8/19/2024,3,WA,P3 Water Problems,SGA,16,16,"250,000.00",16,0,0,0,0,0,0,0,0,16,"250,000.00",57681,-8852682.505,4816737.054,,,
WV007260,WV,"7,260",Roderfield (Lacy) Drainage,721421,ERIN,37.4,-81.7,37,26,-81,41,McDowell County,54047,3,Davy,5070201,TUG,B,1,100,0,0,0,0,0,0,0,8/2/2024,8/15/2024,2,CSL,P2 Clogged Stream Lands,BIL,0.45,0.7,"300,000.00",2.3,0,0,0,0,0,0,0,0,0.45,"300,000.00",57684,-9094122.112,4500732.699,,,
WV007263,WV,"7,263",Camp Hope Highwall,201157,MEADOWVILLE,39.1,-79.9,39,4,-79,54,Barbour County,54001,1,Belington,5020001,TYGART VALLEY,S,1,100,0,0,0,0,0,0,0,8/14/2024,8/19/2024,3,WA,P3 Water Problems,SGA,1,1,"64,000.00",1,0,0,0,0,0,0,0,0,1,"64,000.00",57687,-8895942.496,4731743.267,HARRIS JIMMY F & BERNICE R HWS,"Class Type: Farm
Legal Description: 42.6 SUR; MUD GUT
Mailing Address: 1385 MUD GUT RD, BELINGTON, WV 26250",https://mapwv.gov/Assessment/Detail/?PID=01050018003800000000
WV008149,WV,"8,149",South Sand Branch Road Waterline Ex,506330,SWEENEYBURG,37.9,-81.3,37,51,-81,15,Raleigh County,54081,3,Eccles,5050006,UPPER KANAWHA,U,1,100,0,0,0,0,0,0,0,5/25/2023,2/23/2024,2,PWHC,P2 Polluted Water: Human Consumption,BIL,0,0,0,0,25,25,"1,111,500.00",125,0,0,0,0,25,"1,111,500.00",57699,-9044832.315,4558962.378,PAX LLC CF-78-79-82,"Address: TONEYS FORK RD
Class Type: Residential
Legal Description: FEE EX O&G & COALBED METHANE; 133.60 AC TONEYS FK SID 2-24
Mailing Address: 170 SUMMERS ST STE 300, CHARLESTON, WV 25301",https://mapwv.gov/Assessment/Detail/?PID=41020014003400000000
WV008150,WV,"8,150",Snake Hollow Road Waterline Extensi,202130,GLEN FALLS,39.3,-80.3,39,18,-80,19,Harrison County,54033,1,Clarksburg,5020002,WEST FORK,U,1,100,0,0,0,0,0,0,0,5/10/2024,11/1/2024,2,PWHC,P2 Polluted Water: Human Consumption,BIL,0,0,0,0,5,5,"451,000.00",25,0,0,0,0,5,"451,000.00",57700,-8941923.631,4765175.118,MARTIN JAMES R J II & STACY A,"Class Type: Farm
Legal Description: 77.83 AS JACK RUN
Mailing Address: PO BOX 4507, BRIDGEPORT, WV 26330",https://mapwv.gov/Assessment/Detail/?PID=17070288001700000000